ID_Venta,Fecha,Producto,Categoria,Precio,Cantidad,ID_Cliente,Region
1,2023-01-15,Laptop Gamer,electronica,1500.5,1,101,Norte
2,2023-01-16,Mouse Inalambrico,accesorios,25.0,2,102,desconocida
3,2023-01-17,Teclado Mecanico,accesorios,75.99,1,101,Norte
4,,"Monitor 24""",monitores,250.0,1,103,Sur
6,2023-01-20,Laptop Gamer,electronica,1500.5,1,101,Norte
7,2023-01-21,Silla Gamer,muebles,200.0,1,105,Oeste
8,2023-01-22,Webcam HD,accesorios,50.0,1,106,Norte
9,2023-01-23,Microfono,accesorios,60.0,1,107,Sur
10,2023-01-24,Tarjeta Grafica RTX 4090,componentes,1799.99,1,108,Este
11,,SSD 1TB,componentes,99.5,2,109,Norte
12,2023-01-26,Memoria RAM 16GB,componentes,55.0,2,110,Sur
13,2023-01-27,Fuente de Poder 750W,componentes,120.0,1,111,Centro
14,2023-01-28,Gabinete ATX,componentes,85.0,1,102,Oeste
15,2023-01-29,Procesador Ryzen 9,componentes,550.0,1,112,Este
16,2023-01-30,"Monitor Curvo 32""",monitores,450.0,1,113,Norte
17,2023-01-31,Auriculares Bluetooth,accesorios,65.0,1,114,Sur
18,2023-02-01,Disco Duro Externo 2TB,almacenamiento,70.0,1,115,Centro
19,,Alfombrilla XL,accesorios,20.0,3,101,Oeste
20,2023-02-03,Router WiFi 6,redes,110.0,1,116,desconocida
21,2023-02-04,Impresora Multifuncional,perifericos,180.0,1,117,Norte
22,2023-02-05,Hub USB-C,accesorios,35.0,1,118,Sur
23,2023-02-06,Filtro de Red,accesorios,15.0,1,119,Centro
24,2023-02-07,Bocinas 2.1,audio,90.0,1,120,Oeste
25,,Tarjeta Madre B550,componentes,150.0,1,121,Este
26,2023-02-09,Ventiladores RGB,componentes,40.0,4,122,Norte
27,2023-02-10,Pasta Termica,componentes,10.0,1,123,Sur
29,2023-02-12,"Monitor 27"" 4K",monitores,400.0,1,125,Oeste
30,2023-02-13,Teclado Inalambrico,accesorios,45.0,1,103,Este
31,2023-01-15,Laptop Gamer,electronica,1500.5,1,101,Norte
32,,Soporte para Monitor,accesorios,30.0,1,126,Norte
33,2023-02-15,Camara de Seguridad,seguridad,80.0,2,127,Sur
34,2023-02-16,Adaptador HDMI,accesorios,12.0,1,128,Centro
35,2023-02-17,Mesa de Escritorio,muebles,150.0,1,105,Oeste
36,2023-02-18,Cable Ethernet 10m,redes,18.0,1,129,Este
37,2023-02-19,Bateria Externa,accesorios,40.0,1,130,Norte
38,2023-02-20,SSD 512GB,almacenamiento,50.0,1,131,Sur
39,,Microfono de Solapa,audio,25.0,1,132,Centro
40,2023-02-22,Audifonos con Microfono,audio,55.0,1,133,desconocida
41,2023-02-23,Smartwatch,vestibles,120.0,1,134,Este
42,2023-02-24,"Tablet 10""",electronica,250.0,1,135,Norte
43,2023-02-25,Lector de Tarjetas,accesorios,15.0,1,136,Sur
45,2023-02-27,Cargador Inalambrico,accesorios,30.0,1,138,Oeste
46,,Proyector HD,video,280.0,1,139,Este
47,2023-03-01,Laptop de Oficina,electronica,899.99,1,140,Norte
48,2023-03-02,Mousepad,accesorios,10.0,1,141,Sur
49,2023-03-03,Teclado Numerico,perifericos,18.0,1,142,Centro
50,2023-03-04,Monitor Portatil,monitores,210.0,1,143,Oeste
51,,Webcam Full HD,video,75.0,1,144,Este
52,2023-03-06,Repetidor WiFi,redes,45.0,1,145,Norte
53,2023-03-07,Base para Laptop,accesorios,28.0,1,146,Sur
54,2023-03-08,Disco Duro Interno 4TB,almacenamiento,110.0,1,147,desconocida
55,2023-03-09,Kit de Limpieza,accesorios,12.0,2,148,Oeste
56,2023-03-10,Gafas de Realidad Virtual,videojuegos,399.0,1,149,Este
57,2023-03-11,Volante para Carreras,videojuegos,250.0,1,150,Norte
58,,Control para PC,videojuegos,50.0,2,151,Sur
59,2023-03-13,Capturadora de Video,video,130.0,1,152,Centro
60,2023-03-14,Aro de Luz LED,video,35.0,1,153,Oeste
61,2023-03-15,Chromecast,video,40.0,1,154,Este
63,2023-03-17,Kindle,electronica,90.0,1,156,Sur
64,2023-03-18,Drone,juguetes,150.0,1,157,Centro
65,,Cargador de Pared USB,accesorios,15.0,3,158,Oeste
66,2023-03-20,Bocina Inteligente,audio,60.0,1,159,Este
67,2023-03-21,Mouse Ergonómico,accesorios,45.0,1,160,Norte
68,2023-03-22,Teclado para Tablet,accesorios,55.0,1,161,Sur
69,2023-03-23,Pantalla Inteligente,hogar,120.0,1,162,Centro
70,2023-03-24,Foco Inteligente,hogar,18.0,4,163,Oeste
71,2023-03-25,Enchufe Inteligente,hogar,15.0,2,164,Este
72,,Termostato Inteligente,hogar,80.0,1,165,Norte
73,2023-03-27,Bascula Inteligente,hogar,35.0,1,166,Sur
74,2023-03-28,Purificador de Aire,hogar,110.0,1,167,Centro
75,2023-03-29,Aspiradora Robot,hogar,300.0,1,168,Oeste
76,2023-03-30,Licuadora,hogar,50.0,1,169,desconocida
77,2023-03-31,Cafetera,hogar,60.0,1,170,Norte
78,2023-04-01,Horno de Microondas,hogar,100.0,1,171,Sur
79,,Refrigerador,hogar,800.0,1,172,Centro
80,2023-04-03,Lavadora,hogar,500.0,1,173,Oeste
82,2023-04-05,Ventilador,hogar,40.0,1,175,Norte
83,2023-04-06,Calefactor,hogar,45.0,1,176,Sur
84,2023-04-07,Plancha de Ropa,hogar,30.0,1,177,Centro
85,,Secadora de Cabello,cuidado personal,25.0,1,178,Oeste
86,2023-04-09,Maquina de Afeitar,cuidado personal,40.0,1,179,Este
87,2023-04-10,Cepillo Dental Electrico,cuidado personal,35.0,1,180,Norte
88,2023-04-11,Bascula de Bano,cuidado personal,20.0,1,181,Sur
89,2023-04-12,Mochila para Laptop,accesorios,50.0,1,182,Centro
90,2023-04-13,Funda para Tablet,accesorios,20.0,1,183,Oeste
91,2023-04-14,Candado para Laptop,seguridad,15.0,1,184,Este
92,2023-04-15,UPS (No-Break),energia,90.0,1,185,Norte
93,,Bateria para Laptop,componentes,60.0,1,186,Sur
94,2023-04-17,Cargador para Laptop,accesorios,35.0,1,187,Centro
95,2023-04-18,Docking Station,accesorios,120.0,1,188,Oeste
96,2023-04-19,Stylus Pen,accesorios,25.0,1,189,Este
97,2023-04-20,Tarjeta de Sonido Externa,audio,40.0,1,190,desconocida
98,2023-04-21,Lector de Blu-Ray Externo,video,80.0,1,191,Sur
99,2023-04-22,Sintonizador de TV USB,video,30.0,1,192,Centro
100,2023-04-23,Panel Solar Portatil,energia,150.0,1,193,Oeste
102,2023-02-09,Ventiladores RGB,componentes,40.0,4,122,Norte
103,2023-04-25,Lampara de Escritorio LED,hogar,28.0,1,195,Norte
104,2023-04-26,Organizador de Cables,accesorios,10.0,2,196,Sur
105,2023-04-27,Pizarron Blanco,oficina,40.0,1,197,Centro
106,2023-04-28,Destructor de Papel,oficina,60.0,1,198,Oeste
107,2023-04-29,Silla de Oficina,muebles,180.0,1,199,Este
108,2023-04-30,Archivero,muebles,120.0,1,200,Norte
109,2023-05-01,Monitor Ultrawide,monitores,600.0,1,201,Sur
110,2023-05-02,Teclado Ergonomico,perifericos,80.0,1,202,Centro
111,,Mouse Vertical,perifericos,35.0,1,203,Oeste
112,2023-05-04,Trackball,perifericos,50.0,1,204,Este
113,2023-05-05,Tableta Grafica,diseno,100.0,1,205,Norte
114,2023-05-06,Impresora 3D,diseno,350.0,1,206,Sur
115,2023-05-07,Escaner de Documentos,oficina,150.0,1,207,desconocida
116,2023-05-08,Pluma 3D,diseno,40.0,1,208,Oeste
117,2023-05-09,Microscopio USB,ciencia,60.0,1,209,Este
118,2023-05-10,Telescopio,ciencia,200.0,1,210,Norte
119,,Kit de Robotica,juguetes,120.0,1,211,Sur
120,2023-05-12,Coche a Control Remoto,juguetes,50.0,1,212,Centro
121,2023-05-13,Legos,juguetes,80.0,1,213,Oeste
122,2023-05-14,Rompecabezas,juguetes,20.0,1,214,Este
123,2023-05-15,Juego de Mesa,juguetes,40.0,1,215,Norte
125,2023-05-17,Baraja de Cartas,juguetes,5.0,1,217,Centro
126,2023-05-18,Libro de Programacion,libros,35.0,1,218,Oeste
127,,Novela de Ciencia Ficcion,libros,20.0,1,219,Este
128,2023-05-20,Libro de Cocina,libros,25.0,1,220,Norte
129,2023-05-21,Suscripcion a Revista,suscripciones,50.0,1,221,Sur
130,2023-05-22,Licencia de Software,software,100.0,1,222,Centro
131,2023-05-23,Antivirus,software,40.0,1,223,Oeste
132,2023-05-24,VPN,software,60.0,1,224,Este
133,,Curso en Linea,educacion,50.0,1,225,Norte
134,2023-05-26,Webinar,educacion,20.0,1,226,Sur
135,2023-05-27,Certificacion,educacion,200.0,1,227,Centro
136,2023-05-28,Consulta Tecnica,servicios,80.0,1,228,Oeste
137,2023-05-29,Reparacion de PC,servicios,120.0,1,229,Este
138,2023-05-30,Instalacion de Software,servicios,50.0,1,230,Norte
139,2023-05-31,Garantia Extendida,servicios,70.0,1,231,Sur
140,2023-06-01,Tarjeta de Regalo,regalos,50.0,1,232,desconocida
141,,Taza Personalizada,regalos,15.0,1,233,Oeste
142,2023-06-03,Playera con Logo,ropa,25.0,2,234,Este
143,2023-06-04,Sudadera,ropa,45.0,1,235,Norte
144,2023-06-05,Gorra,ropa,20.0,1,236,Sur
145,2023-06-06,Llavero,accesorios,8.0,3,237,Centro
147,2023-06-08,Cinturon,ropa,30.0,1,239,Este
148,,Calcetines,ropa,10.0,5,240,Norte
149,2023-06-10,Smartband,vestibles,40.0,1,241,Sur
150,2023-06-11,Anillo Inteligente,vestibles,150.0,1,242,Centro
151,2023-06-12,Auriculares Deportivos,audio,70.0,1,243,Oeste
152,2023-06-13,Reproductores MP3,audio,30.0,1,244,Este
153,2023-06-14,Radio Portatil,audio,25.0,1,245,Norte
154,2023-06-15,Procesador Intel i9,componentes,600.0,1,246,Sur
155,,Memoria RAM 32GB,componentes,100.0,2,247,Centro
156,2023-03-21,Mouse Ergonómico,accesorios,45.0,1,160,Norte
157,2023-06-17,SSD 2TB,componentes,180.0,1,248,Oeste
158,2023-06-18,Tarjeta Grafica RTX 4080,componentes,1200.0,1,249,Este
159,2023-06-19,Fuente de Poder 1000W,componentes,180.0,1,250,Norte
160,2023-06-20,Gabinete Full Tower,componentes,150.0,1,251,Sur
161,2023-06-21,Tarjeta Madre Z690,componentes,250.0,1,252,desconocida
162,2023-06-22,Sistema de Enfriamiento Liquido,componentes,130.0,1,253,Oeste
163,,"Monitor 34"" Ultrawide",monitores,700.0,1,254,Este
164,2023-06-24,Silla Ergonomica,muebles,250.0,1,255,Norte
165,2023-06-25,Escritorio Ajustable,muebles,400.0,1,256,Sur
166,2023-06-26,Lampara de Pie,hogar,50.0,1,257,Centro
167,2023-06-27,Cesto de Basura,oficina,15.0,1,258,Oeste
169,2023-06-29,Cable HDMI 8K,video,25.0,2,260,Norte
170,2023-06-30,Switch de Red,redes,30.0,1,261,Sur
171,2023-07-01,NAS (Servidor de Almacenamiento),almacenamiento,300.0,1,262,Centro
172,,Pendrive 128GB,almacenamiento,20.0,1,263,Oeste
173,2023-07-03,Tarjeta MicroSD 256GB,almacenamiento,30.0,1,264,Este
174,2023-07-04,Cargador para Auto,accesorios,18.0,1,265,Norte
175,2023-07-05,Soporte para Celular,accesorios,12.0,1,266,Sur
176,2023-07-06,Lentes para Luz Azul,cuidado personal,25.0,1,267,Centro
177,2023-07-07,Banda de Ejercicio,deportes,15.0,1,268,Oeste
178,,Tapete de Yoga,deportes,30.0,1,269,Este
179,2023-07-09,Mancuernas,deportes,50.0,2,270,Norte
180,2023-07-10,Cuerda para Saltar,deportes,10.0,1,271,Sur
181,2023-07-11,Guantes de Gimnasio,deportes,20.0,1,272,desconocida
182,2023-07-12,Reloj Deportivo,vestibles,180.0,1,273,Oeste
183,2023-07-13,Oximetro,salud,30.0,1,274,Este
184,,Termometro Digital,salud,15.0,1,275,Norte
185,2023-07-15,Tensiometro,salud,40.0,1,276,Sur
187,2023-07-17,Kit de Primeros Auxilios,salud,25.0,1,278,Oeste
188,2023-07-18,Botella de Agua Inteligente,hogar,35.0,1,279,Este
189,2023-07-19,Lonchera Termica,hogar,20.0,1,280,Norte
190,2023-07-20,Juego de Cuchillos,cocina,60.0,1,281,Sur
191,2023-07-21,Sarten Antiadherente,cocina,25.0,1,282,Centro
192,,Tabla para Picar,cocina,15.0,1,283,Oeste
193,2023-07-23,Bateria de Cocina,cocina,150.0,1,284,Este
194,2023-07-24,Tostadora,cocina,30.0,1,285,Norte
195,2023-07-25,Batidora,cocina,70.0,1,286,Sur
196,2023-07-26,Extractor de Jugos,cocina,90.0,1,287,Centro
197,2023-07-27,Freidora de Aire,cocina,100.0,1,288,Oeste
198,2023-07-28,Arrocera,cocina,40.0,1,289,desconocida
199,2023-07-29,Vajilla,cocina,80.0,1,290,Norte
200,,Cuberteria,cocina,50.0,1,291,Sur
201,2023-07-31,Herramientas para Jardin,jardineria,60.0,1,292,Centro
202,2023-08-01,Manguera,jardineria,30.0,1,293,Oeste
203,2023-08-02,Podadora,jardineria,180.0,1,294,Este
204,2023-08-03,Guantes de Jardineria,jardineria,15.0,1,295,Norte
205,2023-08-04,Maceta,jardineria,10.0,5,296,Sur
207,,Tierra para Plantas,jardineria,8.0,2,298,Oeste
208,2023-08-07,Fertilizante,jardineria,12.0,1,299,Este
209,2023-08-08,Taladro Inalambrico,herramientas,90.0,1,300,Norte
210,2023-08-09,Caja de Herramientas,herramientas,50.0,1,301,Sur
211,2023-08-10,Juego de Desarmadores,herramientas,25.0,1,302,Centro
212,2023-08-11,Flexometro,herramientas,10.0,1,303,Oeste
213,2023-08-12,Multimetro Digital,herramientas,20.0,1,304,Este
214,2023-08-13,Pistola de Silicon,herramientas,15.0,1,305,Norte
215,,Gafas de Seguridad,seguridad,8.0,1,306,Sur
216,2023-08-15,Chaleco de Seguridad,seguridad,12.0,1,307,Centro
217,2023-08-16,Casco de Seguridad,seguridad,20.0,1,308,Oeste
218,2023-08-17,Extintor,seguridad,40.0,1,309,Este
219,2023-08-18,Botas de Seguridad,seguridad,70.0,1,310,desconocida
220,2023-08-19,Alarma de Humo,seguridad,18.0,2,311,Sur
221,2023-08-20,Bicicleta de Montana,deportes,350.0,1,312,Centro
222,2023-08-21,Casco de Ciclismo,deportes,40.0,1,313,Oeste
223,,Luces para Bicicleta,deportes,15.0,1,314,Este
224,2023-08-23,Bomba de Aire,deportes,12.0,1,315,Norte
226,2023-08-25,Camara de Accion,video,200.0,1,317,Centro
227,2023-08-26,Estabilizador para Celular,video,90.0,1,318,Oeste
228,2023-08-27,Tripie para Camara,video,30.0,1,319,Este
229,2023-08-28,Kit de Iluminacion,video,120.0,1,320,Norte
230,,Maleta de Viaje,viajes,80.0,1,321,Sur
231,2023-08-30,Adaptador de Corriente Universal,viajes,20.0,1,322,Centro
232,2023-08-31,Almohada de Viaje,viajes,15.0,1,323,Oeste
233,2023-09-01,Bolsa de Dormir,campismo,60.0,1,324,Este
234,2023-09-02,Casa de Campana,campismo,120.0,1,325,Norte
235,2023-09-03,Lampara de Campismo,campismo,25.0,1,326,Sur
236,2023-09-04,Navaja Multiusos,campismo,30.0,1,327,Centro
237,,Asador Portatil,campismo,70.0,1,328,Oeste
238,2023-09-06,Hielera,campismo,40.0,1,329,Este
239,2023-09-07,Cana de Pescar,pesca,50.0,1,330,desconocida
240,2023-09-08,Carrete de Pesca,pesca,40.0,1,331,Sur
241,2023-09-09,Caja para Aparejos,pesca,20.0,1,332,Centro
243,2023-09-11,Balon de Futbol,deportes,20.0,1,334,Este
244,2023-09-12,Balon de Baloncesto,deportes,25.0,1,335,Norte
245,2023-09-13,Guitarra Acustica,musica,150.0,1,336,Sur
246,,Teclado Musical,musica,200.0,1,337,Centro
247,2023-09-15,Ukelele,musica,50.0,1,338,Oeste
248,2023-09-16,Microfono USB,musica,70.0,1,339,Este
249,2023-09-17,Interfaz de Audio,musica,100.0,1,340,Norte
250,2023-09-18,Controlador MIDI,musica,120.0,1,341,Sur
251,2023-09-19,Software de Produccion Musical,software,300.0,1,342,Centro
252,2023-09-20,Audifonos de Estudio,audio,150.0,1,343,Oeste
253,2023-09-21,Monitores de Estudio,audio,250.0,2,344,Este
254,,Cable para Instrumento,musica,15.0,1,345,Norte
255,2023-09-23,Afinador de Guitarra,musica,10.0,1,346,Sur
256,2023-09-24,Plumillas para Guitarra,musica,5.0,10,347,Centro
258,2023-09-26,Correa para Guitarra,musica,20.0,1,349,Este
259,2023-09-27,Pedal de Efectos,musica,80.0,1,350,Norte
260,2023-09-28,Bateria Electronica,musica,400.0,1,351,Sur
261,2023-09-29,Libro de Partituras,libros,15.0,1,352,Centro
262,,Atril para Partituras,musica,25.0,1,353,Oeste
263,2023-10-01,Funda para Guitarra,musica,30.0,1,354,Este
264,2023-10-02,Kit de Pintura,arte,40.0,1,355,desconocida
265,2023-10-03,Set de Pinceles,arte,20.0,1,356,Sur
266,2023-10-04,Lienzo,arte,15.0,3,357,Centro
267,2023-10-05,Cuaderno de Dibujo,arte,10.0,1,358,Oeste
268,2023-10-06,Lapices de Colores,arte,25.0,1,359,Este
269,,Acuarelas,arte,30.0,1,360,Norte
270,2023-10-08,Caballete,arte,50.0,1,361,Sur
272,2023-10-10,Plastilina,arte,8.0,1,363,Oeste
273,2023-10-11,Maquina de Coser,hogar,150.0,1,364,Este
274,2023-10-12,Kit de Costura,hogar,15.0,1,365,Norte
275,,Kit de Bordado,hogar,20.0,1,366,Sur
276,2023-06-18,Tarjeta Grafica RTX 4080,componentes,1200.0,1,249,Este
277,2023-10-14,Binoculares,exterior,70.0,1,367,Centro
278,2023-10-15,GPS Portatil,exterior,120.0,1,368,Oeste
279,2023-10-16,Walkie Talkies,exterior,50.0,2,369,Este
280,2023-10-17,Panel Solar para Mochila,energia,40.0,1,370,Norte
281,2023-10-18,Filtro de Agua Portatil,campismo,25.0,1,371,Sur
282,2023-10-19,Pelota de Tenis,deportes,5.0,12,372,Centro
283,,Raqueta de Tenis,deportes,80.0,1,373,Oeste
284,2023-10-21,Patines en Linea,deportes,90.0,1,374,Este
285,2023-10-22,Patineta,deportes,60.0,1,375,Norte
286,2023-10-23,Balon de Voleibol,deportes,20.0,1,376,Sur
287,2023-10-24,Red de Voleibol,deportes,30.0,1,377,Centro
288,2023-10-25,Canasta de Baloncesto,deportes,150.0,1,378,Oeste
289,,Porteria de Futbol,deportes,80.0,1,379,desconocida
290,2023-10-26,Guantes de Portero,deportes,25.0,1,380,Norte
292,2023-10-28,Gafas de Natacion,natacion,15.0,1,382,Centro
293,2023-10-29,Gorro de Natacion,natacion,8.0,1,383,Oeste
294,2023-10-30,Traje de Bano,natacion,40.0,1,384,Este
295,2023-10-31,Toalla de Microfibra,natacion,20.0,1,385,Norte
296,2023-11-01,Sandalias,ropa,25.0,1,386,Sur
297,,Cangurera,accesorios,18.0,1,387,Centro
298,2023-11-03,Sombrero,ropa,20.0,1,388,Oeste
299,2023-11-04,Lentes de Sol,accesorios,30.0,1,389,Este
300,2023-11-05,Crema Solar,cuidado personal,15.0,1,390,Norte
301,2023-11-06,Repelente de Insectos,cuidado personal,10.0,1,391,Sur
302,2023-11-07,Gel Antibacterial,cuidado personal,5.0,3,392,Centro
303,2023-11-08,Paraguas,accesorios,20.0,1,393,Oeste
304,,Impermeable,ropa,40.0,1,394,Este
305,2023-11-10,Bufanda,ropa,15.0,1,395,Norte
306,2023-11-11,Guantes Termicos,ropa,20.0,1,396,Sur
307,2023-11-12,Gorro de Lana,ropa,12.0,1,397,Centro
308,2023-11-13,Termo para Cafe,hogar,25.0,1,398,Oeste
309,2023-11-14,Taza de Viaje,hogar,18.0,1,399,Este
310,,Contenedor de Alimentos,hogar,15.0,1,400,desconocida
311,2023-11-16,Hervidor Electrico,cocina,30.0,1,401,Sur
313,2023-11-18,Olla de Presion,cocina,80.0,1,403,Oeste
314,2023-11-19,Olla de Lento Cocimiento,cocina,50.0,1,404,Este
315,2023-11-20,Vaporera,cocina,40.0,1,405,Norte
316,2023-11-21,Sandwichera,cocina,25.0,1,406,Sur
317,2023-11-22,Waflera,cocina,30.0,1,407,Centro
318,,Balanza de Cocina,cocina,20.0,1,408,Oeste
319,2023-11-24,Agenda 2024,oficina,15.0,1,409,Este
320,2023-11-25,Plumas de Colores,oficina,10.0,1,410,Norte
321,2023-11-26,Marcatextos,oficina,8.0,1,411,Sur
322,2023-11-27,Clips,oficina,3.0,1,412,Centro
323,2023-11-28,Grapadora,oficina,12.0,1,413,Oeste
324,2023-11-29,Post-its,oficina,5.0,1,414,Este
325,,Cinta Adhesiva,oficina,4.0,1,415,Norte
326,2023-12-01,Calculadora Cientifica,oficina,25.0,1,416,Sur
328,2023-12-03,Lampara de Lava,decoracion,30.0,1,418,Oeste
329,2023-12-04,Poster Decorativo,decoracion,15.0,1,419,Este
330,2023-12-05,Vela Aromatica,decoracion,12.0,2,420,Norte
331,2023-12-06,Marco de Fotos Digital,decoracion,70.0,1,421,desconocida
332,,Planta Artificial,decoracion,20.0,1,422,Centro
333,2023-12-08,Cojin Decorativo,decoracion,18.0,2,423,Oeste
334,2023-12-09,Espejo de Pared,decoracion,40.0,1,424,Este
335,2023-12-10,Reloj de Pared,decoracion,25.0,1,425,Norte
336,2023-12-11,Alfombra,decoracion,90.0,1,426,Sur
337,2023-12-12,Cortinas,decoracion,50.0,1,427,Centro
338,2023-12-13,Candelabro,decoracion,30.0,1,428,Oeste
339,2023-12-14,Florero,decoracion,15.0,1,429,Este
340,,Figura de Coleccion,juguetes,25.0,1,430,Norte
341,2023-12-16,Peluche,juguetes,20.0,1,431,Sur
343,2023-12-18,Disfraz,ropa,40.0,1,433,Oeste
344,2023-12-19,Masajeador,cuidado personal,60.0,1,434,Este
345,2023-12-20,Humidificador,cuidado personal,35.0,1,435,Norte
346,2023-12-21,Almohadilla Termica,cuidado personal,25.0,1,436,Sur
347,2023-12-22,Sales de Bano,cuidado personal,15.0,1,437,Centro
348,2023-12-23,Aceites Esenciales,cuidado personal,12.0,1,438,Oeste
349,,Difusor de Aromas,cuidado personal,30.0,1,439,Este
350,2023-12-25,Juego de Te,cocina,40.0,1,440,Norte
351,2023-12-26,Molinillo de Cafe,cocina,25.0,1,441,Sur
352,2023-12-27,Prensa Francesa,cocina,30.0,1,442,Centro
353,2023-12-28,Juego de Copas,cocina,50.0,1,443,Oeste
354,2023-12-29,Decantador de Vino,cocina,35.0,1,444,desconocida
355,2023-12-30,Sacacorchos Electrico,cocina,20.0,1,445,Norte
356,2023-12-31,Kit para Cocteles,cocina,45.0,1,446,Sur
357,2024-01-01,Mapa del Mundo para Rascar,regalos,25.0,1,447,Centro
358,,Globo Terraqueo,decoracion,40.0,1,448,Oeste
359,2024-01-02,Cubo Rubik,juguetes,10.0,1,449,Este
360,2024-01-03,Ajedrez,juguetes,30.0,1,450,Norte
361,2024-01-04,Domino,juguetes,15.0,1,451,Sur
363,2024-01-06,Yo-yo,juguetes,5.0,2,453,Oeste
364,2024-01-07,Cometa,juguetes,12.0,1,454,Este
365,2024-01-08,Frisbee,juguetes,10.0,1,455,Norte
366,2024-01-09,Caja Fuerte Pequena,seguridad,50.0,1,456,Sur
367,2024-01-10,Alarma para Puerta,seguridad,15.0,2,457,Centro
368,,Mirilla Digital,seguridad,70.0,1,458,Oeste
369,2024-01-12,Cerradura Inteligente,seguridad,150.0,1,459,Este
370,2024-01-13,Timbre con Video,seguridad,100.0,1,460,Norte
371,2024-01-14,Bocina Portatil,audio,40.0,1,461,Sur
372,2024-01-15,Sistema de Sonido Envolvente,audio,400.0,1,462,Centro
373,2024-01-16,Barra de Sonido,audio,150.0,1,463,Oeste
374,2024-01-17,Subwoofer,audio,120.0,1,464,Este
375,2024-01-18,Amplificador de Audio,audio,200.0,1,465,Norte
376,2024-01-19,Tornamesa,audio,180.0,1,466,Sur
377,2024-01-20,Coleccion de Vinilos,musica,30.0,1,467,desconocida
378,2024-01-21,Cargador Portatil de Alta Capacidad,energia,60.0,1,468,Oeste
379,,Estacion de Carga Multiple,energia,35.0,1,469,Este
381,2024-01-24,Inversor de Corriente para Auto,energia,40.0,1,471,Sur
382,2024-01-25,Termometro de Carne,cocina,15.0,1,472,Centro
383,2024-01-26,Abrelatas Electrico,cocina,20.0,1,473,Oeste
384,2024-01-27,Triturador de Basura,cocina,150.0,1,474,Este
385,2024-01-28,Dispensador de Agua,hogar,120.0,1,475,Norte
386,2024-01-29,Calentador de Agua Electrico,hogar,100.0,1,476,Sur
387,,Aire Acondicionado Portatil,hogar,350.0,1,477,Centro
388,2024-01-31,Deshumidificador,hogar,90.0,1,478,Oeste
389,2024-02-01,Enfriador de Vinos,cocina,200.0,1,479,Este
390,2024-02-02,Fabrica de Hielo,cocina,120.0,1,480,Norte
391,2024-02-03,GoPro,video,400.0,1,481,Sur
392,2024-02-04,Estuche para Camara,video,30.0,1,482,Centro
393,2024-02-05,Correa para Camara,video,15.0,1,483,Oeste
394,,Filtro para Lente,video,20.0,1,484,Este
395,2024-02-06,Reflector para Fotografia,video,25.0,1,485,Norte
397,2024-02-08,Fondo para Fotografia,video,40.0,1,487,Centro
398,2024-02-09,Mesa de Luz para Dibujo,diseno,60.0,1,488,Oeste
399,2024-02-10,Cortadora de Papel,oficina,25.0,1,489,desconocida
400,2024-02-11,Enmicadora,oficina,40.0,1,490,Norte
401,,Etiquetadora,oficina,30.0,1,491,Sur
402,2024-02-12,Cojin Lumbar,muebles,20.0,1,492,Centro
403,2024-02-13,Reposapies,muebles,25.0,1,493,Oeste
404,2024-02-14,Pluma Fuente,oficina,35.0,1,494,Este
405,2024-02-15,Tinta para Pluma Fuente,oficina,10.0,1,495,Norte
406,2024-02-16,Sello Personalizado,oficina,20.0,1,496,Sur
407,2024-02-17,Papel Fotografico,impresion,15.0,1,497,Centro
408,2024-02-18,Cartucho de Tinta,impresion,30.0,2,498,Oeste
409,2024-02-19,Toner para Impresora,impresion,80.0,1,499,Este
410,,Papel para Impresora (Resma),impresion,10.0,1,500,Norte
411,2024-02-20,Bolsa para Mensajero,accesorios,60.0,1,501,Sur
412,2024-02-21,Portafolio,accesorios,70.0,1,502,Centro
413,2024-02-22,Cartera,accesorios,30.0,1,503,Oeste
415,2024-02-24,Organizador de Escritorio,oficina,20.0,1,505,Norte
416,2024-02-25,Perforadora,oficina,8.0,1,506,Sur
417,2024-02-26,Tijeras,oficina,5.0,1,507,Centro
418,2024-02-27,Cutter,oficina,4.0,1,508,Oeste
419,2024-02-28,Pegamento en Barra,oficina,2.0,3,509,Este
420,,Carpeta,oficina,3.0,5,510,Norte
421,2024-03-01,Sobre,oficina,0.5,20,511,desconocida
422,2024-03-02,Agenda Electronica,electronica,50.0,1,512,Centro
423,2024-03-03,Traductor Electronico,electronica,80.0,1,513,Oeste
424,2024-03-04,Grabadora de Voz Digital,electronica,40.0,1,514,Este
425,2024-03-05,Puntero Laser,presentacion,15.0,1,515,Norte
426,2024-03-06,Control Remoto para Presentaciones,presentacion,25.0,1,516,Sur
427,,Pizarra Interactiva,presentacion,800.0,1,517,Centro
428,2024-03-07,Proyector Portatil,presentacion,250.0,1,518,Oeste
429,2024-03-08,Pantalla para Proyector,presentacion,100.0,1,519,Este
430,2024-03-09,Megafono,audio,30.0,1,520,Norte
431,2024-03-10,Sistema de Karaoke,audio,120.0,1,521,Sur
432,2024-03-11,Bola de Discoteca,fiesta,20.0,1,522,Centro
433,2024-03-12,Maquina de Humo,fiesta,50.0,1,523,Oeste
434,2024-03-13,Luces Estroboscopicas,fiesta,25.0,1,524,Este
436,2024-03-15,Dispensador de Bebidas,fiesta,30.0,1,526,Sur
437,,Hielera con Ruedas,fiesta,60.0,1,527,Centro
438,2024-03-16,Sillas Plegables,muebles,20.0,4,528,Oeste
439,2024-03-17,Mesa Plegable,muebles,40.0,1,529,Este
440,2024-03-18,Mantel,hogar,15.0,1,530,Norte
441,2024-03-19,Servilletas de Tela,hogar,12.0,1,531,Sur
442,2024-03-20,Camino de Mesa,hogar,10.0,1,532,Centro
443,2024-03-21,Cubre Sillas,hogar,8.0,4,533,Oeste
444,,Bolsas Reutilizables,hogar,5.0,1,534,desconocida
445,2024-03-22,Termometro Ambiental,hogar,12.0,1,535,Norte
446,2024-03-23,Barometro,hogar,20.0,1,536,Sur
447,2024-03-24,Estacion Meteorologica,hogar,50.0,1,537,Centro
448,2024-03-25,Tendedero de Ropa,hogar,25.0,1,538,Oeste
449,2024-03-26,Pinzas para Ropa,hogar,3.0,1,539,Este
450,2024-03-27,Tabla de Planchar,hogar,35.0,1,540,Norte
451,2024-03-28,Funda para Tabla de Planchar,hogar,10.0,1,541,Sur
453,2024-03-30,Cesto para Ropa Sucia,hogar,20.0,1,543,Oeste
454,,Organizador de Zapatos,hogar,30.0,1,544,Este
455,2024-03-31,Ganchos para Ropa,hogar,8.0,1,545,Norte
456,2024-04-01,Funda para Ropa,hogar,12.0,1,546,Sur
457,2024-04-02,Caja de Almacenaje,hogar,15.0,2,547,Centro
458,2024-04-03,Separadores de Cajones,hogar,10.0,1,548,Oeste
459,2024-04-04,Contenedor al Vacio,hogar,20.0,1,549,Este
460,2024-04-05,Zapatera,muebles,50.0,1,550,Norte
461,2024-04-06,Perchero,muebles,40.0,1,551,Sur
462,,Espejo de Cuerpo Completo,muebles,80.0,1,552,Centro
463,2024-04-07,Buro,muebles,60.0,1,553,Oeste
464,2024-04-08,Comoda,muebles,150.0,1,554,Este
465,2024-04-09,Cabecera para Cama,muebles,100.0,1,555,Norte
466,2024-04-10,Base para Cama,muebles,200.0,1,556,Sur
468,2024-04-12,Colchon,muebles,300.0,1,558,Oeste
469,2024-04-13,Almohada,hogar,25.0,2,559,Este
470,,Funda de Almohada,hogar,10.0,1,560,Norte
471,2024-04-14,Sabanas,hogar,40.0,1,561,Sur
472,2024-04-15,Edredon,hogar,80.0,1,562,Centro
473,2024-04-16,Manta,hogar,30.0,1,563,Oeste
474,2024-04-17,Toalla de Bano,hogar,20.0,2,564,Este
475,2024-04-18,Bata de Bano,hogar,35.0,1,565,Norte
476,2024-04-19,Tapete de Bano,hogar,15.0,1,566,Sur
477,2024-04-20,Cortina de Bano,hogar,18.0,1,567,Centro
478,2024-04-21,Dispensador de Jabon,hogar,12.0,1,568,Oeste
479,,Portacepillos de Dientes,hogar,8.0,1,569,desconocida
480,2024-04-22,Escobilla para Bano,hogar,10.0,1,570,Norte
481,2024-04-23,Jabonera,hogar,5.0,1,571,Sur
483,2024-04-25,Repisa para Bano,muebles,30.0,1,573,Oeste
484,2024-04-26,Gabinete de Bano,muebles,80.0,1,574,Este
485,2024-04-27,Foco LED,iluminacion,5.0,4,575,Norte
486,2024-04-28,Tira de Luces LED,iluminacion,20.0,1,576,Sur
487,2024-04-29,Lampara de Noche,iluminacion,25.0,1,577,Centro
488,2024-04-30,Lampara de Techo,iluminacion,60.0,1,578,Oeste
489,2024-05-01,Lampara de Escritorio,iluminacion,30.0,1,579,Este
490,2024-05-02,Interruptor de Luz Inteligente,hogar,25.0,2,580,Norte
491,,Abrepuertas de Garaje Inteligente,hogar,150.0,1,581,Sur
492,2024-05-03,Riego Inteligente,jardineria,80.0,1,582,Centro
493,2024-05-04,Sensor de Movimiento,seguridad,18.0,1,583,Oeste
494,2024-05-05,Sensor de Puerta/Ventana,seguridad,15.0,2,584,Este
495,2024-05-06,Detector de Monoxido de Carbono,seguridad,30.0,1,585,Norte
497,2024-05-08,Radio de Emergencia,seguridad,40.0,1,587,Centro
498,2024-05-09,Linterna Recargable,seguridad,20.0,1,588,Oeste
499,2024-05-10,Kit de Supervivencia,seguridad,50.0,1,589,Este
500,2024-05-11,Manta Termica de Emergencia,seguridad,5.0,5,590,Norte
501,2024-05-12,Purificador de Agua UV,campismo,60.0,1,591,Sur
502,2024-05-13,Estufa de Campismo,campismo,40.0,1,592,Centro
503,2024-05-14,Tanque de Gas para Estufa,campismo,8.0,2,593,Oeste
504,,Encendedor a Prueba de Agua,campismo,10.0,1,594,Este
505,2024-05-15,Brujula,campismo,12.0,1,595,Norte
506,2024-05-16,Mapa Topografico,campismo,15.0,1,596,Sur
507,2024-05-17,Botas de Senderismo,ropa,120.0,1,597,Centro
508,2024-05-18,Calcetines de Senderismo,ropa,15.0,2,598,Oeste
509,2024-05-19,Pantalon Convertible,ropa,60.0,1,599,Este
510,2024-05-20,Chamarra Impermeable,ropa,90.0,1,600,Norte
511,2024-05-21,Bastones de Senderismo,deportes,40.0,1,601,desconocida
512,,Mochila de Hidratacion,deportes,50.0,1,602,Centro
513,2024-05-22,GPS para Senderismo,electronica,200.0,1,603,Oeste
515,2024-05-24,Hamaca,campismo,30.0,1,605,Norte
516,2024-05-25,Silla de Campismo,campismo,25.0,2,606,Sur
517,2024-05-26,Mesa de Centro,muebles,80.0,1,607,Centro
518,2024-05-27,Sofa,muebles,500.0,1,608,Oeste
519,2024-05-28,Sillon,muebles,250.0,1,609,Este
520,2024-05-29,Mesa de Comedor,muebles,300.0,1,610,Norte
521,,Sillas de Comedor,muebles,50.0,4,611,Sur
522,2024-05-30,Vitrina,muebles,180.0,1,612,Centro
523,2024-05-31,Librero,muebles,120.0,1,613,Oeste
524,2024-06-01,Repisa Flotante,muebles,25.0,2,614,Este
525,2024-06-02,Mueble para TV,muebles,150.0,1,615,Norte
526,2024-06-03,Soporte de Pared para TV,accesorios,40.0,1,616,Sur
527,2024-06-04,Cable de Fibra Optica de Audio,audio,15.0,1,617,Centro
528,2024-06-05,Divisor de Audifonos,audio,8.0,1,618,Oeste
529,2024-06-06,Adaptador de Bluetooth para Audio,audio,20.0,1,619,Este
531,2024-06-08,Preamplificador de Microfono,audio,50.0,1,621,Sur
532,2024-06-09,Filtro Anti-Pop,audio,15.0,1,622,Centro
533,2024-06-10,Soporte para Microfono,audio,25.0,1,623,Oeste
534,,Espuma Acustica,audio,30.0,1,624,Este
535,2024-06-11,DJ Controller,musica,300.0,1,625,Norte
536,2024-06-12,Maquina de Ritmos,musica,200.0,1,626,Sur
537,2024-06-13,Sintetizador,musica,400.0,1,627,Centro
538,2024-06-14,Violin,musica,180.0,1,628,Oeste
539,2024-06-15,Cello,musica,300.0,1,629,Este
540,2024-06-16,Flauta,musica,40.0,1,630,Norte
541,2024-06-17,Armonica,musica,20.0,1,631,Sur
542,2024-06-18,Acordeon,musica,250.0,1,632,Centro
543,,Bongoes,musica,60.0,1,633,Oeste
544,2024-06-19,Pandereta,musica,15.0,1,634,Este
545,2024-06-20,Maracas,musica,10.0,1,635,Norte
546,2024-06-21,Cajon,musica,80.0,1,636,desconocida
548,2024-06-23,Diapason,musica,8.0,1,638,Oeste
549,2024-06-24,Metronomo,musica,20.0,1,639,Este
550,2024-06-25,Software de Notacion Musical,software,150.0,1,640,Norte
551,2024-06-26,Plugin VST,software,50.0,1,641,Sur
552,2024-06-27,Sample Pack,software,25.0,1,642,Centro
553,2024-06-28,Funda para Teclado Musical,musica,35.0,1,643,Oeste
554,,Pedal de Sustain,musica,20.0,1,644,Este
555,2024-06-29,Banco para Piano,musica,50.0,1,645,Norte
556,2024-06-30,Diario,oficina,12.0,1,646,Sur
557,2024-07-01,Cuaderno Inteligente,oficina,30.0,1,647,Centro
558,2024-07-02,Escaner Portatil,oficina,80.0,1,648,Oeste
559,2024-07-03,Mini Impresora Termica,impresion,50.0,1,649,Este
560,2024-07-04,Filamento para Impresora 3D,diseno,25.0,1,650,Norte
561,2024-07-05,Resina para Impresora 3D,diseno,40.0,1,651,Sur
562,,Calibrador Digital,herramientas,20.0,1,652,Centro
563,2024-07-06,Lupa con Luz,herramientas,15.0,1,653,Oeste
564,2024-07-07,Tercera Mano para Soldar,herramientas,18.0,1,654,Este
565,2024-07-08,Cautin,herramientas,25.0,1,655,Norte
566,2024-07-09,Soldadura de Estano,herramientas,8.0,1,656,Sur
568,2024-07-11,Bomba para Desoldar,herramientas,10.0,1,658,Oeste
569,2024-07-12,Protoboard,electronica,7.0,1,659,Este
570,2024-07-13,Kit de Resistencias,electronica,12.0,1,660,Norte
571,,Kit de Capacitores,electronica,10.0,1,661,Sur
572,2024-07-14,Kit de LEDs,electronica,8.0,1,662,Centro
573,2024-07-15,Arduino,electronica,25.0,1,663,Oeste
574,2024-07-16,Raspberry Pi,electronica,40.0,1,664,Este
575,2024-07-17,Kit de Sensores para Arduino,electronica,35.0,1,665,Norte
576,2024-07-18,Fuente de Alimentacion para Protoboard,electronica,15.0,1,666,Sur
577,2024-07-19,Cables Jumper,electronica,5.0,1,667,Centro
578,2024-07-20,Motor a Pasos,electronica,10.0,2,668,Oeste
579,2024-07-21,Servomotor,electronica,8.0,2,669,desconocida
580,,Pantalla LCD para Arduino,electronica,12.0,1,670,Norte
581,2024-07-22,Relevador,electronica,3.0,5,671,Sur
583,2024-07-24,Ventilador de PC,componentes,10.0,2,673,Oeste
584,2024-07-25,Disipador para CPU,componentes,30.0,1,674,Este
585,2024-07-26,Controlador de Ventiladores,componentes,20.0,1,675,Norte
586,2024-07-27,Cable de Extension para Fuente de Poder,componentes,15.0,1,676,Sur
587,2024-07-28,Tornillos para PC,componentes,5.0,1,677,Centro
588,2024-07-29,Adaptador WiFi USB,redes,20.0,1,678,Oeste
589,,Tarjeta de Red PCIe,redes,25.0,1,679,Este
590,2024-07-30,Antena WiFi de Alta Ganancia,redes,18.0,1,680,Norte
591,2024-07-31,Herramienta para Crimpar,redes,22.0,1,681,Sur
592,2024-08-01,Conectores RJ45,redes,8.0,1,682,Centro
593,2024-08-02,Probador de Cable de Red,redes,15.0,1,683,Oeste
594,2024-08-03,Switch PoE,redes,80.0,1,684,Este
595,2024-08-04,Inyector PoE,redes,20.0,1,685,Norte
596,2024-08-05,Punto de Acceso WiFi,redes,70.0,1,686,Sur
598,2024-08-07,Firewall,seguridad,200.0,1,688,Oeste
599,2024-08-08,Servidor de Impresion,redes,60.0,1,689,Este
600,,Rack para Servidor,redes,300.0,1,690,Norte
601,2024-08-09,PDU para Rack,redes,100.0,1,691,Sur
602,2024-08-10,KVM Switch,redes,80.0,1,692,Centro
603,2024-08-11,Caddy para Disco Duro,almacenamiento,10.0,1,693,Oeste
604,2024-08-12,Carcasa para Disco Duro Externo,almacenamiento,20.0,1,694,Este
605,2024-08-13,Lector de DNI Electronico,perifericos,15.0,1,695,Norte
606,2024-08-14,Joystick,videojuegos,40.0,1,696,Sur
607,2024-08-15,Arcade Stick,videojuegos,150.0,1,697,Centro
608,2024-08-16,Audifonos para Gaming,videojuegos,80.0,1,698,Oeste
610,2024-08-18,Suscripcion a Servicio de Juegos,videojuegos,15.0,1,700,Norte
611,2024-08-19,Moneda Virtual para Juegos,videojuegos,20.0,1,701,desconocida
612,2024-08-20,Figura Amiibo,videojuegos,18.0,1,702,Centro
613,2024-08-21,Guia de Estrategia,libros,25.0,1,703,Oeste
614,2024-08-22,Comic,libros,10.0,1,704,Este
615,2024-08-23,Manga,libros,12.0,1,705,Norte
616,2024-08-24,Libro de Arte,libros,40.0,1,706,Sur
617,2024-08-25,Biografia,libros,22.0,1,707,Centro
618,2024-08-26,Diccionario,libros,18.0,1,708,Oeste
619,2024-08-27,Enciclopedia,libros,60.0,1,709,Este
621,2024-08-29,Separador de Libros,libros,3.0,1,711,Sur
622,2024-08-30,Luz de Lectura,libros,10.0,1,712,Centro
623,2024-08-31,Soporte para Libros,libros,15.0,1,713,Oeste
624,2024-09-01,Estante para Libros,muebles,70.0,1,714,Este
625,,Sillon de Lectura,muebles,180.0,1,715,Norte
626,2024-09-02,Funda para Libro,libros,12.0,1,716,Sur
627,2024-09-03,Kit de Caligrafia,arte,25.0,1,717,Centro
628,2024-09-04,Sellos de Goma,arte,15.0,1,718,Oeste
629,2024-09-05,Tinta para Sellos,arte,5.0,1,719,Este
630,2024-09-06,Papel Decorativo,arte,8.0,1,720,Norte
631,2024-09-07,Pegatinas,arte,4.0,1,721,Sur
632,2024-09-08,Washi Tape,arte,6.0,1,722,Centro
634,2024-09-10,Kit de Origami,arte,10.0,1,724,Este
635,2024-09-11,Pistola de Pegamento,herramientas,12.0,1,725,Norte
636,,Barras de Pegamento,herramientas,3.0,1,726,Sur
637,2024-09-12,Cera para Sellar,arte,15.0,1,727,Centro
638,2024-09-13,Sello para Lacre,arte,10.0,1,728,Oeste
639,2024-09-14,Album de Fotos,recuerdos,30.0,1,729,Este
640,2024-09-15,Libro de Recortes,recuerdos,25.0,1,730,Norte
641,2024-09-16,Marco de Fotos,recuerdos,15.0,2,731,Sur
642,2024-09-17,Caja de Recuerdos,recuerdos,20.0,1,732,Centro
643,2024-09-18,Imanes para Refrigerador,decoracion,5.0,5,733,Oeste
644,,Posavasos,hogar,10.0,1,734,Este
646,2024-09-20,Mantel Individual,hogar,7.0,4,736,Sur
647,2024-09-21,Abrebotellas,cocina,5.0,1,737,Centro
648,2024-09-22,Tabla de Quesos,cocina,30.0,1,738,Oeste
649,2024-09-23,Rallador de Queso,cocina,10.0,1,739,Este
650,2024-09-24,Prensa de Ajos,cocina,8.0,1,740,desconocida
651,2024-09-25,Pelador de Papas,cocina,6.0,1,741,Sur
652,2024-09-26,Batidor de Globo,cocina,7.0,1,742,Centro
653,2024-09-27,Espatula de Silicona,cocina,8.0,1,743,Oeste
654,2024-09-28,Cucharon,cocina,7.0,1,744,Este
655,2024-09-29,Pinzas de Cocina,cocina,9.0,1,745,Norte
656,2024-09-30,Colador,cocina,10.0,1,746,Sur
657,2024-10-01,Tazon para Mezclar,cocina,12.0,2,747,Centro
658,2024-10-02,Tazas Medidoras,cocina,8.0,1,748,Oeste
659,2024-10-03,Cucharas Medidoras,cocina,6.0,1,749,Este
660,2024-10-04,Rodillo,cocina,15.0,1,750,Norte
661,2024-10-05,Molde para Hornear,cocina,18.0,1,751,Sur
663,2024-10-07,Guantes para Horno,cocina,12.0,1,753,Oeste
664,2024-10-08,Delantal,cocina,15.0,1,754,Este
665,2024-10-09,Libro de Recetas,libros,20.0,1,755,Norte
666,2024-10-10,Soporte para Tablet en Cocina,accesorios,18.0,1,756,Sur
667,,Dispensador de Papel de Cocina,cocina,15.0,1,757,Centro
668,2024-10-11,Escurridor de Platos,cocina,25.0,1,758,Oeste
669,2024-10-12,Bote de Basura con Pedal,cocina,40.0,1,759,Este
670,2024-10-13,Bolsas de Basura,hogar,8.0,1,760,Norte
671,2024-10-14,Filtro para Cafe,cocina,5.0,1,761,Sur
672,2024-10-15,Capsulas de Cafe,cocina,20.0,1,762,Centro
673,2024-10-16,Te en Hojas,bebidas,12.0,1,763,Oeste
674,2024-10-17,Infusor de Te,bebidas,8.0,1,764,Este
675,2024-10-18,Tetera,bebidas,25.0,1,765,Norte
676,2024-10-19,Azucarera,cocina,10.0,1,766,Sur
677,2024-10-20,Salero y Pimentero,cocina,12.0,1,767,Centro
678,2024-10-21,Especiero,cocina,20.0,1,768,Oeste
679,2024-10-22,Mortero,cocina,18.0,1,769,Este
681,2024-10-24,Aceitera,cocina,15.0,1,771,Sur
682,2024-10-25,Vinagrera,cocina,15.0,1,772,Centro
683,2024-10-26, Dispensador de Cereales,cocina,25.0,1,773,Oeste
684,2024-10-27,Porta Rollo de Papel Higienico,hogar,12.0,1,774,desconocida
685,2024-10-28,Toallero,hogar,15.0,1,775,Norte
686,2024-10-29,Gancho para Toalla,hogar,8.0,2,776,Sur
687,2024-10-30,Espejo con Luz,muebles,100.0,1,777,Centro
688,2024-10-31,Organizador de Maquillaje,cuidado personal,20.0,1,778,Oeste
689,2024-11-01,Esponja de Maquillaje,cuidado personal,7.0,1,779,Este
690,2024-11-02,Set de Brochas de Maquillaje,cuidado personal,25.0,1,780,Norte
691,2024-11-03,Limpiador de Brochas,cuidado personal,10.0,1,781,Sur
692,2024-11-04,Espejo de Aumento,cuidado personal,15.0,1,782,Centro
693,2024-11-05,Pinzas de Depilar,cuidado personal,5.0,1,783,Oeste
694,2024-11-06,Cortaunas,cuidado personal,4.0,1,784,Este
695,2024-11-07,Lima de Unas,cuidado personal,3.0,1,785,Norte
697,2024-11-09,Neceser,viajes,18.0,1,787,Centro
698,2024-11-10,Bolsa de Aseo,viajes,15.0,1,788,Oeste
699,2024-11-11,Botellas de Viaje Rellenables,viajes,8.0,1,789,Este
700,2024-11-12,Identificador de Equipaje,viajes,6.0,1,790,Norte
701,2024-11-13,Bascula para Equipaje,viajes,12.0,1,791,Sur
702,2024-11-14,Candado TSA,viajes,10.0,1,792,Centro
703,2024-11-15,Antifaz para Dormir,viajes,7.0,1,793,Oeste
704,2024-11-16,Tapones para los Oidos,viajes,5.0,1,794,Este
705,2024-11-17,Organizador de Maleta,viajes,20.0,1,795,Norte
706,2024-11-18,Bolsa para Zapatos,viajes,10.0,1,796,Sur
707,2024-11-19,Bolsa para Ropa Sucia,viajes,8.0,1,797,desconocida
708,2024-11-20,Portadocumentos de Viaje,viajes,15.0,1,798,Oeste
709,2024-11-21,Cinturon con Bolsillo Secreto,viajes,20.0,1,799,Este
711,2024-11-23,Carpa de Playa,exterior,50.0,1,801,Sur
712,2024-11-24,Silla de Playa,exterior,25.0,1,802,Centro
713,2024-11-25,Sombrilla de Playa,exterior,30.0,1,803,Oeste
714,2024-11-26,Toalla de Playa,exterior,20.0,1,804,Este
715,2024-11-27,Juguetes de Playa,juguetes,15.0,1,805,Norte
716,2024-11-28,Hielera Portatil,exterior,35.0,1,806,Sur
717,2024-11-29,Termo para Agua,exterior,20.0,1,807,Centro
718,2024-11-30,Flotador,natacion,10.0,1,808,Oeste
719,2024-12-01,Tabla de Bodyboard,natacion,25.0,1,809,Este
720,2024-12-02,Aletas de Natacion,natacion,30.0,1,810,Norte
721,2024-12-03,Snorkel,natacion,20.0,1,811,Sur
722,2024-12-04,Visor de Buceo,natacion,25.0,1,812,Centro
724,2024-12-06,Chaleco Salvavidas,natacion,40.0,1,814,Este
725,2024-12-07,Bolsa Estanca,natacion,18.0,1,815,Norte
726,2024-12-08,Funda Impermeable para Celular,accesorios,12.0,1,816,Sur
727,2024-12-09,Cama para Mascota,mascotas,40.0,1,817,Centro
728,2024-12-10,Comedero para Mascota,mascotas,15.0,1,818,Oeste
729,2024-12-11,Bebedero para Mascota,mascotas,15.0,1,819,Este
730,2024-12-12,Juguete para Mascota,mascotas,8.0,2,820,Norte
731,2024-12-13,Correa para Mascota,mascotas,12.0,1,821,desconocida
732,2024-12-14,Collar para Mascota,mascotas,10.0,1,822,Centro
733,2024-12-15,Placa de Identificacion para Mascota,mascotas,7.0,1,823,Oeste
734,2024-12-16,Arena para Gato,mascotas,15.0,1,824,Este
735,2024-12-17,Arenero para Gato,mascotas,20.0,1,825,Norte
736,2024-12-18,Rascador para Gato,mascotas,30.0,1,826,Sur
737,2024-12-19,Transportadora para Mascota,mascotas,50.0,1,827,Centro
739,2024-12-21,Shampoo para Mascota,mascotas,12.0,1,829,Este
740,2024-12-22,Cepillo para Mascota,mascotas,10.0,1,830,Norte
741,2024-12-23,Cortaunas para Mascota,mascotas,8.0,1,831,Sur
742,2024-12-24,Alimento para Perro,mascotas,40.0,1,832,Centro
743,2024-12-25,Alimento para Gato,mascotas,35.0,1,833,Oeste
744,2024-12-26,Premios para Mascota,mascotas,10.0,1,834,Este
745,2024-12-27,Bolsas para Heces,mascotas,5.0,1,835,Norte
746,2024-12-28,Ropa para Mascota,ropa,15.0,1,836,Sur
747,2024-12-29,GPS para Mascota,electronica,50.0,1,837,Centro
748,2024-12-30,Camara para Mascota,electronica,80.0,1,838,Oeste
749,2024-12-31,Dispensador de Comida Automatico,mascotas,70.0,1,839,Este
750,2025-01-01,Fuente de Agua para Mascota,mascotas,30.0,1,840,Norte
751,2025-01-02,Puerta para Mascota,hogar,25.0,1,841,Sur
752,2025-01-03,Cinturon de Seguridad para Mascota,viajes,15.0,1,842,Centro
754,2025-01-05,Valla para Bebe,seguridad,60.0,1,844,Este
755,2025-01-06,Monitor para Bebe,seguridad,100.0,1,845,Norte
756,2025-01-07,Silla de Auto para Bebe,viajes,150.0,1,846,Sur
757,2025-01-08,Carriola,viajes,200.0,1,847,desconocida
758,2025-01-09,Cuna,muebles,250.0,1,848,Oeste
759,2025-01-10,Cambiador para Bebe,muebles,80.0,1,849,Este
760,2025-01-11,Mecedora,muebles,120.0,1,850,Norte
761,2025-01-12,Gimnasio para Bebe,juguetes,40.0,1,851,Sur
762,2025-01-13,Movil para Cuna,juguetes,30.0,1,852,Centro
763,2025-01-14,Biberon,bebe,10.0,2,853,Oeste
764,2025-01-15,Esterilizador de Biberones,bebe,40.0,1,854,Este
765,2025-01-16,Calentador de Biberones,bebe,30.0,1,855,Norte
766,2025-01-17,Extractor de Leche,bebe,80.0,1,856,Sur
767,2025-01-18,Panales,bebe,25.0,1,857,Centro
768,2025-01-19,Toallitas Humedas,bebe,5.0,1,858,Oeste
770,2025-01-21,Mochila Panalera,viajes,50.0,1,860,Norte
771,2025-01-22,Canguro para Bebe,viajes,40.0,1,861,Sur
772,2025-01-23,Juguete de Mordedera,juguetes,8.0,1,862,Centro
773,2025-01-24,Libro de Tela para Bebe,juguetes,12.0,1,863,Oeste
774,2025-01-25,Sonaja,juguetes,7.0,1,864,Este
775,2025-01-26,Andadera,bebe,60.0,1,865,Norte
776,2025-01-27,Periquera,bebe,90.0,1,866,Sur
777,2025-01-28,Tina para Bebe,bebe,25.0,1,867,Centro
778,2025-01-29,Termometro de Bano,bebe,10.0,1,868,Oeste
779,2025-01-30,Aspirador Nasal,bebe,15.0,1,869,Este
780,2025-01-31,Kit de Cuidado para Bebe,bebe,20.0,1,870,desconocida
781,2025-02-01,Ropa para Bebe,ropa,18.0,1,871,Sur
782,2025-02-02,Zapatitos para Bebe,ropa,15.0,1,872,Centro
783,2025-02-03,Cobija para Bebe,hogar,20.0,1,873,Oeste
784,2025-02-04,Toalla con Capucha,hogar,18.0,1,874,Este
785,2025-02-05,Album de Fotos para Bebe,recuerdos,25.0,1,875,Norte
786,2025-02-06,Kit para Huellas de Bebe,recuerdos,20.0,1,876,Sur
788,2025-02-08,Caja de Dientes de Leche,recuerdos,12.0,1,878,Oeste
789,2025-02-09,Cuadro de Nacimiento,decoracion,30.0,1,879,Este
790,2025-02-10,Vinilos Decorativos Infantiles,decoracion,20.0,1,880,Norte
791,2025-02-11,Lampara Infantil,iluminacion,30.0,1,881,Sur
792,2025-02-12,Medidor de Estatura,decoracion,15.0,1,882,Centro
793,2025-02-13,Caja de Juguetes,muebles,40.0,1,883,Oeste
794,2025-02-14,Mesa y Sillas Infantiles,muebles,70.0,1,884,Este
795,2025-02-15,Pizarron Infantil,juguetes,35.0,1,885,Norte
796,2025-02-16,Triciclo,juguetes,60.0,1,886,Sur
797,2025-02-17,Bicicleta Infantil,juguetes,100.0,1,887,Centro
798,2025-02-18,Casco Infantil,deportes,25.0,1,888,Oeste
799,2025-02-19,Rodilleras y Coderas,deportes,20.0,1,889,Este
801,2025-02-21,Cuentos Infantiles,libros,10.0,1,891,Sur
802,2025-02-22,Libro para Colorear,libros,7.0,1,892,Centro
803,2025-02-23,Crayones,arte,5.0,1,893,Oeste
804,2025-02-24,Pintura de Dedos,arte,10.0,1,894,Este
805,2025-02-25,Masa Moldeable,arte,8.0,1,895,Norte
806,2025-02-26,Burbujas,juguetes,4.0,1,896,Sur
807,2025-02-27,Avion de Papel,juguetes,2.0,1,897,Centro
808,2025-02-28,Trompo,juguetes,6.0,1,898,desconocida
809,2025-03-01,Canicas,juguetes,5.0,1,899,Este
810,2025-03-02,Matatena,juguetes,4.0,1,900,Norte
811,2025-03-03,Juego de Te de Juguete,juguetes,20.0,1,901,Sur
812,2025-03-04,Cocinita de Juguete,juguetes,80.0,1,902,Centro
813,2025-03-05,Herramientas de Juguete,juguetes,25.0,1,903,Oeste
814,2025-03-06,Kit de Doctor de Juguete,juguetes,22.0,1,904,Este
815,2025-03-07,Casa de Munecas,juguetes,120.0,1,905,Norte
816,2025-03-08,Muneca,juguetes,20.0,1,906,Sur
817,2025-03-09,Coche de Juguete,juguetes,10.0,1,907,Centro
818,2025-03-10,Pista de Carreras,juguetes,50.0,1,908,Oeste
819,2025-03-11,Tren de Juguete,juguetes,40.0,1,909,Este
820,2025-03-12,Bloques de Construccion,juguetes,30.0,1,910,Norte
821,2025-03-13,Instrumentos Musicales de Juguete,juguetes,25.0,1,911,Sur
822,2025-03-14,Microfono de Juguete,juguetes,15.0,1,912,Centro
824,2025-03-16,Walkie Talkie de Juguete,juguetes,20.0,1,914,Este
825,2025-03-17,Dron de Juguete,juguetes,40.0,1,915,Norte
826,2025-03-18,Lanzador de Dardos,juguetes,25.0,1,916,Sur
827,2025-03-19,Pistola de Agua,juguetes,15.0,1,917,Centro
828,2025-03-20,Resortera,juguetes,10.0,1,918,Oeste
829,2025-03-21,Arco y Flecha de Juguete,juguetes,20.0,1,919,Este
830,2025-03-22,Espada de Juguete,juguetes,12.0,1,920,Norte
831,2025-03-23,Escudo de Juguete,juguetes,10.0,1,921,Sur
832,2025-03-24,Disfraz de Superheroe,ropa,35.0,1,922,Centro
833,2025-03-25,Mascara,ropa,8.0,1,923,Oeste
834,2025-03-26,Capa,ropa,12.0,1,924,Este
835,2025-03-27,Kit de Magia,juguetes,20.0,1,925,Norte
836,2025-03-28,Varita Magica,juguetes,10.0,1,926,desconocida
838,2025-03-30,Sombrero de Mago,juguetes,8.0,1,928,Oeste
839,2025-03-31,Kit de Experimentos Cientificos,ciencia,30.0,1,929,Este
840,2025-04-01,Volcan de Juguete,ciencia,20.0,1,930,Norte
841,2025-04-02,Esqueleto para Armar,ciencia,25.0,1,931,Sur
842,2025-04-03,Kit de Cultivo de Cristales,ciencia,18.0,1,932,Centro
843,2025-04-04,Hormiguero,ciencia,22.0,1,933,Oeste
844,2025-04-05,Juego de Quimica,ciencia,35.0,1,934,Este
845,2025-04-06,Juego de Electronica,ciencia,40.0,1,935,Norte
846,2025-04-07,Modelo del Sistema Solar,ciencia,30.0,1,936,Sur
848,2025-04-09,CD de Musica,musica,15.0,1,938,Oeste
849,2025-04-10,Pelicula en Blu-Ray,video,20.0,1,939,Este
850,2025-04-11,Serie de TV en DVD,video,30.0,1,940,Norte
851,2025-04-12,Videojuego Fisico,videojuegos,60.0,1,941,Sur
852,2025-04-13,Consola de Videojuegos Retro,videojuegos,80.0,1,942,Centro
853,2025-04-14,Maquina Arcade Mini,videojuegos,50.0,1,943,Oeste
854,2025-04-15,Pinball,juguetes,400.0,1,944,Este
855,2025-04-16,Mesa de Billar,juegos,500.0,1,945,Norte
856,2025-04-17,Mesa de Futbolito,juegos,300.0,1,946,Sur
857,2025-04-18,Mesa de Air Hockey,juegos,250.0,1,947,Centro
858,2024-08-16,Audifonos para Gaming,videojuegos,80.0,1,698,Oeste
859,2025-04-19,Mesa de Ping Pong,juegos,200.0,1,948,Oeste
860,2025-04-20,Diana de Dardos,juegos,40.0,1,949,Este
862,2025-04-22,Cama Elastica,juegos,150.0,1,951,Sur
863,2025-04-23,Columpio,juegos,80.0,1,952,Centro
864,2025-04-24,Resbaladilla,juegos,100.0,1,953,Oeste
865,2025-04-25,Casa de Juegos Infantil,juegos,200.0,1,954,Este
866,2025-04-26,Arenero Infantil,juegos,60.0,1,955,Norte
867,2025-04-27,Alberca Inflable,juegos,40.0,1,956,Sur
868,2025-04-28,Pistolas Laser,juguetes,50.0,2,957,Centro
869,2025-04-29,Telescopio para Ninos,ciencia,50.0,1,958,Oeste
870,2025-04-30,Microscopio para Ninos,ciencia,40.0,1,959,Este
871,2025-05-01,Kit de Quimica para Ninos,ciencia,25.0,1,960,Norte
872,2025-05-02,Libro de Dinosaurios,libros,15.0,1,961,Sur
873,2025-05-03,Juguete de Dinosaurio,juguetes,12.0,1,962,Centro
874,2025-05-04,Disfraz de Dinosaurio,ropa,30.0,1,963,Oeste
876,2025-05-06,Poster del Espacio,decoracion,12.0,1,965,Norte
877,2025-05-07,Cohete de Juguete,juguetes,20.0,1,966,Sur
878,2025-05-08,Disfraz de Astronauta,ropa,35.0,1,967,Centro
879,2025-05-09,Proyector de Estrellas,iluminacion,25.0,1,968,Oeste
880,2025-05-10,Comida de Astronauta,curiosidades,8.0,1,969,Este
881,2025-05-11,Libro de Animales,libros,15.0,1,970,Norte
882,2025-05-12,Figuras de Animales de Juguete,juguetes,20.0,1,971,Sur
883,2025-05-13,Documental de Animales,video,18.0,1,972,Centro
885,2025-05-15,Binoculares para Ninos,exterior,20.0,1,974,Este
886,2025-05-16,Kit de Explorador,exterior,30.0,1,975,Norte
887,2025-05-17,Lupa para Ninos,exterior,8.0,1,976,Sur
888,2025-05-18,Red para Insectos,exterior,10.0,1,977,Centro
889,2025-05-19,Frasco para Insectos,exterior,6.0,1,978,Oeste
890,2025-05-20,Guia de Campo de Insectos,libros,12.0,1,979,Este
891,2025-05-21,Prensa para Flores,arte,15.0,1,980,Norte
892,2025-05-22,Herbario,libros,20.0,1,981,Sur
893,2025-05-23,Semillas para Plantar,jardineria,5.0,1,982,Centro
894,2025-05-24,Kit de Jardineria para Ninos,jardineria,20.0,1,983,Oeste
895,2025-05-25,Regadera Pequena,jardineria,10.0,1,984,Este
896,2025-05-26,Carretilla de Juguete,jardineria,25.0,1,985,Norte
898,2025-05-28,Mandil para Ninos,arte,12.0,1,987,Centro
899,2025-05-29,Kit de Cocina para Ninos,cocina,30.0,1,988,Oeste
900,2025-05-30,Gorro de Chef para Ninos,cocina,8.0,1,989,Este
901,2025-05-31,Libro de Cocina para Ninos,libros,15.0,1,990,Norte
902,2025-06-01,Moldes para Galletas,cocina,10.0,1,991,Sur
903,2025-06-02,Chispas de Colores,cocina,5.0,1,992,Centro
904,2025-06-03,Kit para Decorar Cupcakes,cocina,18.0,1,993,Oeste
905,2025-06-04,Maquina para Hacer Palomitas,cocina,40.0,1,994,Este
906,2025-06-05,Maquina de Algodon de Azucar,cocina,50.0,1,995,Norte
907,2025-06-06,Fuente de Chocolate,cocina,35.0,1,996,Sur
909,2025-06-08,Juego de Pesca Magnetico,juguetes,15.0,1,998,Oeste
910,2025-06-09,Rompecabezas de Madera,juguetes,12.0,1,999,Este
911,2025-06-10,Cubo de Actividades,juguetes,30.0,1,1000,Norte
912,2023-01-21,Silla Gamer,muebles,200.0,1,105,Oeste
913,2023-05-28,Consulta Tecnica,servicios,80.0,1,228,Oeste
914,2023-09-02,Casa de Campana,campismo,120.0,1,325,Norte
915,2024-03-01,Sobre,oficina,0.5,20,511,Sur
916,2024-06-21,Tarjeta Madre Z690,componentes,250.0,1,252,Oeste
917,2024-11-19,Bolsa para Ropa Sucia,viajes,8.0,1,797,Oeste
918,2025-01-08,Carriola,viajes,200.0,1,847,Centro
919,2025-03-28,Varita Magica,juguetes,10.0,1,926,Norte
920,2025-05-20,Guia de Campo de Insectos,libros,12.0,1,979,Este
921,2024-02-28,Pegamento en Barra,oficina,2.0,3,509,Este
922,2024-05-26,Mesa de Centro,muebles,80.0,1,607,Centro
923,2024-10-27, Dispensador de Cereales,cocina,25.0,1,773,Oeste
924,2023-03-30,Licuadora,hogar,50.0,1,169,Este
925,2023-07-28,Arrocera,cocina,40.0,1,289,Este
926,2023-12-29,Decantador de Vino,cocina,35.0,1,444,Norte
927,2024-02-10,Cortadora de Papel,oficina,25.0,1,489,Norte
928,2024-09-24,Abrebotellas,cocina,5.0,1,740,Norte
929,2023-02-03,Router WiFi 6,redes,110.0,1,116,Este
930,2023-05-07,Escaner de Documentos,oficina,150.0,1,207,Centro
931,2023-08-19,Alarma de Humo,seguridad,18.0,2,311,Sur
932,2023-12-06,Marco de Fotos Digital,decoracion,70.0,1,421,Centro
933,2024-05-12,GPS para Senderismo,electronica,200.0,1,603,Oeste
934,2024-07-21,Servomotor,electronica,8.0,2,669,Este
935,2025-01-07,Silla de Auto para Bebe,viajes,150.0,1,846,Sur
936,2025-02-28,Trompo,juguetes,6.0,1,898,Oeste
937,2023-02-22,Audifonos con Microfono,audio,55.0,1,133,Oeste
938,2023-06-01,Tarjeta de Regalo,regalos,50.0,1,232,Oeste
939,2023-09-07,Cana de Pescar,pesca,50.0,1,330,Sur
940,2024-01-20,Coleccion de Vinilos,musica,30.0,1,467,Centro
941,2024-10-28,Toallero,hogar,15.0,1,775,Norte
942,2023-03-08,Disco Duro Interno 4TB,almacenamiento,110.0,1,147,Centro
943,2023-04-20,Tarjeta de Sonido Externa,audio,40.0,1,190,Norte
944,2023-10-02,Kit de Pintura,arte,40.0,1,355,Norte
945,2024-04-22,Escobilla para Bano,hogar,10.0,1,570,Norte
946,2024-08-19,Moneda Virtual para Juegos,videojuegos,20.0,1,701,Sur
947,2023-02-16,Mouse Inalambrico,accesorios,25.0,2,102,Sur
948,2023-02-07,Bocinas 2.1,audio,90.0,1,120,Oeste
949,2023-02-13,Teclado Inalambrico,accesorios,45.0,1,103,Este
950,2023-02-18,Cable Ethernet 10m,redes,18.0,1,129,Este
951,2023-02-24,"Tablet 10""",electronica,250.0,1,135,Norte
952,2023-03-03,Teclado Numerico,perifericos,18.0,1,142,Centro
953,2023-03-14,Aro de Luz LED,video,35.0,1,153,Oeste
954,2023-03-23,Pantalla Inteligente,hogar,120.0,1,162,Centro
955,2023-04-05,Ventilador,hogar,40.0,1,175,Norte
956,2023-04-14,Candado para Laptop,seguridad,15.0,1,184,Este
957,2023-04-22,Sintonizador de TV USB,video,30.0,1,192,Centro
958,2023-05-01,Monitor Ultrawide,monitores,600.0,1,201,Sur
959,2023-05-10,Telescopio,ciencia,200.0,1,210,Norte
960,2023-05-20,Libro de Cocina,libros,25.0,1,220,Norte
961,2023-05-29,Reparacion de PC,servicios,120.0,1,229,Este
962,2023-06-07,Cinturon,ropa,30.0,1,239,Este
963,2023-06-17,SSD 2TB,componentes,180.0,1,248,Oeste
964,2023-06-26,Lampara de Pie,hogar,50.0,1,257,Centro
965,2023-07-05,Soporte para Celular,accesorios,12.0,1,266,Sur
966,2023-07-15,Tensiometro,salud,40.0,1,276,Sur
967,2023-07-25,Batidora,cocina,70.0,1,286,Sur
968,2023-08-04,Maceta,jardineria,10.0,5,296,Sur
969,2023-08-14,Gafas de Seguridad,seguridad,8.0,1,306,Sur
970,2023-08-23,Bomba de Aire,deportes,12.0,1,315,Norte
971,2023-09-02,Casa de Campana,campismo,120.0,1,325,Norte
972,2023-09-12,Balon de Baloncesto,deportes,25.0,1,335,Norte
973,2023-09-21,Monitores de Estudio,audio,250.0,2,344,Este
974,2023-10-01,Funda para Guitarra,musica,30.0,1,354,Este
975,2023-10-10,Plastilina,arte,8.0,1,363,Oeste
976,2023-10-20,Raqueta de Tenis,deportes,80.0,1,373,Oeste
977,2023-10-29,Gorro de Natacion,natacion,8.0,1,833,Oeste
978,2023-11-08,Paraguas,accesorios,20.0,1,393,Oeste
979,2023-11-18,Olla de Presion,cocina,80.0,1,403,Oeste
980,2023-11-27,Clips,oficina,3.0,1,412,Centro
981,2023-12-07,Planta Artificial,decoracion,20.0,1,422,Centro
982,2023-12-16,Peluche,juguetes,20.0,1,431,Sur
983,2023-12-25,Juego de Te,cocina,40.0,1,440,Norte
984,2024-01-04,Domino,juguetes,15.0,1,451,Sur
985,2024-01-13,Timbre con Video,seguridad,100.0,1,460,Norte
986,2024-01-23,Inversor de Corriente para Auto,energia,40.0,1,471,Sur
987,2024-02-02,Fabrica de Hielo,cocina,120.0,1,480,Norte
988,2024-02-12,Cojin Lumbar,muebles,20.0,1,492,Centro
989,2024-02-21,Portafolio,accesorios,70.0,1,502,Centro
990,2024-03-02,Agenda Electronica,electronica,50.0,1,512,Centro
991,2024-03-11,Bola de Discoteca,fiesta,20.0,1,522,Centro
992,2024-03-21,Cubre Sillas,hogar,8.0,4,533,Oeste
993,2024-03-31,Ganchos para Ropa,hogar,8.0,1,545,Norte
994,2024-04-09,Cabecera para Cama,muebles,100.0,1,555,Norte
995,2024-04-18,Bata de Bano,hogar,35.0,1,565,Norte
996,2024-04-28,Tira de Luces LED,iluminacion,20.0,1,576,Sur
997,2024-05-07,Radio de Emergencia,seguridad,40.0,1,587,Centro
998,2024-05-17,Botas de Senderismo,ropa,120.0,1,597,Centro
999,2024-05-26,Mesa de Centro,muebles,80.0,1,607,Centro
1000,2024-06-05,Divisor de Audifonos,audio,8.0,1,618,Oeste
